שחר,764,59,190,247,90,83,95
תירוש,442,37,69,160,51,57,68
"ניר ח""ן",628,41,138,196,81,58,114
חצבה,799,51,208,234,117,39,150
נועם,452,32,104,152,58,42,64
בית ניר,728,32,187,227,127,73,82
שדה משה,660,61,181,205,83,38,92
באר אורה,1306,76,432,401,267,76,54
מקווה ישראל,201,21,31,75,29,15,30
אמציה,237,25,50,84,26,16,36
לכיש,909,74,188,311,125,108,103
ראש פינה,3466,207,684,1147,462,339,627
שדות מיכה,377,31,84,124,42,39,57
מזכרת בתיה,17420,1190,4665,5632,2623,1382,1928
יסוד המעלה,1780,114,319,627,243,195,282
אופקים,40991,5987,9776,15062,3419,2751,3996
עוצם,691,70,158,237,68,82,76
בת שלמה,658,48,157,218,90,58,87
גדות,575,50,121,176,65,45,118
שדה דוד,708,68,187,236,85,44,88
איתן,766,123,199,280,52,47,65
כרי דשא,1,0,0,0,0,0,1
גפן,389,39,93,119,43,38,57
אליכין,3698,290,745,1269,427,426,541
מטולה,2305,135,252,1190,214,188,326
זוהר,358,21,94,124,30,24,65
יבנאל,4898,624,1514,1565,406,332,457
כפר תבור,4893,302,1160,1512,675,495,749
מנחמיה,1275,91,219,436,146,121,262
אילניה,589,28,97,211,85,81,87
לוזית,906,73,279,285,139,66,64
עתלית,11697,1217,3146,3798,1489,693,1354
נוגה,587,39,126,179,90,50,103
כנרת )קבוצה(,891,56,167,282,124,87,175
מצפה,140,9,14,42,14,19,42
נחושה,1546,97,562,524,251,58,54
דגניה א',710,49,119,231,86,58,167
כנרת )מושבה(,700,44,87,255,92,76,146
"יד רמב""ם",1211,110,244,414,152,111,180
מגדל,2200,189,485,760,229,227,310
מרחביה )קיבוץ(,1424,92,346,428,224,97,237
אור הנר,1093,100,256,399,145,62,131
ניר עוז,416,26,97,145,37,34,77
אשדוד,258382,22620,51556,82912,30297,23890,47107
אשבול,704,54,205,223,100,54,68
גן שמואל,1251,96,233,346,187,95,294
עין הוד,694,41,129,199,105,92,128
כפר גלעדי,866,42,130,324,118,71,181
איילת השחר,1155,68,237,332,174,98,246
קרית ענבים,453,28,95,131,64,53,82
דגניה ב',849,57,165,260,128,86,153
נהלל,1386,165,334,456,159,88,184
עין חרוד )מאוחד(,1006,81,199,284,148,76,218
תל יוסף,608,54,161,160,89,36,108
כפר יחזקאל,1235,124,308,398,194,58,153
גבע,699,39,123,227,72,73,165
כרם בן שמן,106,9,29,22,16,7,23
עין חרוד )איחוד(,716,39,131,193,89,79,185
חפצי-בה,919,49,231,263,135,64,177
גיניגר,850,56,190,240,125,72,167
בלפוריה,625,62,152,194,87,39,91
בית אלפא,1305,127,277,463,124,89,225
יגור,1892,129,350,645,277,138,353
מרחביה )מושב(,778,55,139,262,95,98,129
"כפר מל""ל",340,18,57,91,51,38,85
מצפה רמון,5819,700,1162,2323,543,419,672
מאיר שפיה,149,4,34,57,20,6,28
תל עדשים,1353,86,362,419,236,114,136
מזרע,998,77,201,272,122,94,232
כפר גדעון,367,44,105,126,36,12,44
כפר סילבר,119,9,14,49,28,10,9
כפר חסידים א',829,69,203,271,91,59,136
אדירים,350,26,74,119,52,32,47
חופית,1027,62,197,303,151,114,200
רמת ישי,8483,576,1806,2789,1114,724,1474
שריד,1162,48,266,300,186,99,263
רמת רחל,568,45,133,166,84,45,95
גת רימון,258,15,52,79,42,13,57
משמר העמק,1423,94,255,423,219,142,290
כפר ברוך,787,70,262,221,123,29,82
גבת,1085,91,255,284,177,62,216
יפעת,1334,80,323,385,219,94,233
רמת דוד,715,56,194,218,105,33,109
עין שמר,1007,80,217,329,106,69,206
כפר יהושע,1280,100,282,406,182,142,168
ברק,405,36,61,139,49,38,82
שדה יעקב,1084,78,320,352,138,64,132
בית זרע,824,58,141,273,103,53,196
גן שלמה,649,48,167,188,90,42,114
גדיש,381,30,66,134,47,58,46
דבורה,343,35,73,103,36,33,63
גבעת ברנר,2766,133,609,753,538,230,503
תל מונד,15885,1095,3982,5127,2497,1582,1602
באר טוביה,1294,84,365,376,203,110,156
עיינות,198,20,20,134,10,7,7
עין ורד,1655,95,394,507,281,156,222
נען,2029,169,463,614,310,123,350
בית חנן,659,54,103,185,102,69,146
חולדה,1246,85,419,316,242,62,122
חירות,1365,72,315,425,221,159,173
תימורים,802,62,131,264,99,117,129
מלאה,370,35,74,131,46,25,59
ניר יפה,726,48,196,224,139,29,90
גן יבנה,26061,1816,6068,9164,3945,2562,2506
עין החורש,1025,54,230,283,156,66,236
כפר יונה,30062,2898,7050,10307,4119,2259,3429
כפר יעבץ,752,80,176,260,88,72,76
פרדסיה,8391,704,1902,2800,998,752,1235
גבעת חיים )מאוחד(,1295,84,253,378,208,95,277
נטעים,787,50,140,265,124,103,105
אביחיל,1393,95,312,398,193,124,271
אפיקים,1396,69,244,398,211,125,349
"כפר ביל""ו",1173,93,239,362,141,137,201
רמת יוחנן,1309,119,251,481,133,107,218
אבן יהודה,15575,860,3908,4597,2593,1277,2340
ירקונה,378,23,55,126,58,53,63
רמת הכובש,1135,86,261,312,171,58,247
נעורים,213,9,40,81,24,25,34
כפר הס,1479,90,321,466,224,198,180
אשדות יעקב )מאוחד(,879,57,198,263,123,62,176
כפר פינס,696,109,192,215,51,37,92
כפר ויתקין,1982,137,402,655,292,212,284
הדר עם,827,39,234,230,141,76,107
כפר החורש,788,85,196,234,92,43,138
כפר חיים,601,41,127,167,96,48,122
משמר השרון,815,60,190,254,92,65,154
קדימה-צורן,23730,1583,5640,7815,3552,2588,2552
גיבתון,423,26,96,111,70,28,92
מעברות,1087,76,217,303,144,94,253
צופית,1118,58,253,298,201,133,175
אשדות יעקב )איחוד(,1028,65,260,312,171,70,150
בית ינאי,437,24,87,117,65,54,90
בית עובד,344,23,63,99,55,29,75
אלישיב,698,46,159,215,107,53,118
חגלה,813,43,208,239,165,81,77
רמות השבים,1719,142,337,532,233,180,295
"גבעת ח""ן",416,34,90,118,50,30,94
מוצא עילית,1664,96,305,462,202,177,422
בית צבי,99,20,28,46,1,1,3
משמרות,1381,89,505,373,260,61,93
"כפר הרא""ה",1287,137,366,400,149,74,161
גני עם,259,13,31,71,31,37,76
חיבת ציון,955,103,257,315,115,59,106
כפר ביאליק,632,47,129,182,95,43,136
עין עירון,585,48,116,197,88,52,84
שושנת העמקים,576,40,104,185,78,60,109
גן השומרון,928,73,188,293,133,85,156
גני תקווה,26187,2354,6126,7971,3530,1895,4311
מעש,942,72,199,259,139,77,196
שפיים,1561,140,313,493,223,123,269
כפר ידידיה,751,35,190,200,146,55,125
ביצרון,1232,79,287,366,186,110,204
חבצלת השרון,455,15,85,107,79,48,121
שער העמקים,819,64,171,222,108,72,182
גן חיים,719,46,149,213,101,79,131
יקנעם עילית,27533,1961,5630,9615,4001,2528,3798
יקנעם )מושבה(,1462,114,311,433,209,103,292
בית השיטה,1546,85,357,395,255,141,313
נתיבות,55658,9212,14202,21489,4161,2902,3692
רשפון,1357,119,331,391,211,120,185
בית שערים,752,49,199,207,119,49,129
כפר סירקין,1478,85,397,394,263,134,205
הזורע,1307,85,196,389,165,98,374
ביתן אהרן,334,15,43,65,30,18,163
חולתה,850,99,223,283,89,45,111
כפר המכבי,474,44,95,151,51,37,96
כפר חיטים,706,38,143,230,119,73,103
ניר דוד )תל עמל(,969,73,217,276,141,70,192
נופך,633,80,138,222,65,57,71
שדה נחום,1223,104,335,401,210,79,94
גינוסר,798,44,147,223,110,58,216
מסדה,416,35,73,158,39,32,79
שער הגולן,624,25,101,172,88,53,185
בית יוסף,491,46,78,189,50,55,73
כפר שמריהו,2582,126,468,694,335,280,679
טירת צבי,1088,126,350,352,102,32,126
מולדת,1240,64,283,436,198,102,157
עין השופט,1264,47,213,411,162,99,332
מעוז חיים,647,39,114,248,72,51,123
עין גב,655,50,116,211,72,54,152
כפר מנחם,1447,65,406,377,315,116,168
צור משה,2808,157,686,878,563,273,251
אושה,664,67,157,203,79,51,107
חניתה,1029,55,211,291,165,91,216
פקיעין חדשה,583,80,132,213,60,56,42
שבי ציון,1470,106,367,439,255,90,213
שדה ורבורג,1403,87,310,411,252,133,210
אלונים,829,88,162,255,77,60,187
מעלה החמישה,987,87,282,267,147,60,144
תל יצחק,921,54,131,157,77,47,455
בית יהושע,1172,90,274,379,194,83,152
עין המפרץ,1006,60,196,286,146,81,237
מעין צבי,975,63,189,255,131,89,248
שרונה,663,28,193,184,109,41,108
שדה יואב,691,56,206,220,88,50,71
אילון,1343,76,335,426,224,97,185
כפר רופין,615,45,140,195,88,32,115
נווה איתן,308,38,48,101,33,19,69
כפר מסריק,882,73,162,295,122,57,173
מסילות,602,50,93,164,61,51,183
דליה,1025,81,224,299,139,65,217
בית עוזיאל,696,50,158,223,98,82,85
דפנה,1088,90,222,401,131,57,187
דן,899,85,182,351,88,43,150
שדה אליהו,959,100,186,385,64,68,156
גשר,544,53,78,168,52,47,146
שדמות דבורה,804,47,227,208,159,51,112
הזורעים,1233,179,421,402,92,27,112
מחניים,856,47,230,237,116,64,162
נהורה,1291,88,279,488,145,135,156
כפר גליקסון,448,33,112,119,67,37,80
גן שורק,378,27,83,110,56,36,66
נווה ים,338,34,76,102,43,29,54
אפק,838,64,221,257,125,39,132
נגבה,1092,66,285,317,175,62,187
כפר נטר,1069,78,279,316,181,69,146
בית אורן,556,67,98,195,56,50,90
עמיעוז,329,22,69,115,39,37,47
עמיר,738,48,140,240,99,54,157
כפר ורבורג,1205,81,284,387,186,97,170
בית הלל,1087,72,175,567,102,43,128
שאר ישוב,781,45,115,396,91,42,92
מצובה,1350,49,340,423,258,99,181
בית יצחק-שער חפר,2377,184,521,670,338,189,475
שדות ים,1165,128,257,378,147,71,184
עזוז,91,7,12,39,13,10,10
שדה נחמיה,1187,67,295,367,196,98,164
אלומות,511,48,133,161,63,27,79
ניר צבי,1305,88,311,378,194,89,245
קבוצת יבנה,858,88,183,292,70,61,164
רמת השופט,1227,92,269,373,224,65,204
דורות,896,85,196,302,95,39,179
איבים,827,71,230,403,76,26,21
רמת צבי,790,89,215,227,104,44,111
גת )קיבוץ(,1011,65,282,281,156,55,172
גברעם,752,90,217,261,81,30,73
חמדיה,532,56,111,172,69,30,94
מענית,960,90,235,314,119,60,142
כפר סאלד,743,67,157,261,98,47,113
גליל ים,573,70,124,184,63,43,89
מנרה,323,39,50,123,25,26,60
ניר עם,776,89,155,319,60,60,93
ניצן,2645,249,800,934,243,201,218
גבולות,516,45,109,164,47,46,105
בית זיד,127,5,17,29,14,21,41
רביבים,959,60,161,345,102,94,197
חורשים,419,28,68,122,58,48,95
הגושרים,1341,126,277,522,146,110,160
כפר בלום,1051,68,233,292,163,54,241
יד מרדכי,1046,96,172,361,125,54,238
ניצנים,721,87,171,223,60,43,137
"גבעת ניל""י",658,46,150,215,99,60,88
רוחמה,825,62,183,244,115,39,182
חפץ חיים,689,95,220,232,48,26,68
כפר אוריה,857,42,268,231,166,68,82
בית קשת,829,42,265,211,132,68,111
שמיר,980,67,185,341,116,99,172
עין העמק,865,74,159,303,118,85,126
ביריה,922,85,225,313,88,69,142
גלעד )אבן יצחק(,586,51,138,154,86,39,118
גזר,557,45,80,217,32,50,133
כדורי,109,3,31,49,11,4,11
רמות נפתלי,619,31,106,215,91,73,103
בית הלוי,799,67,183,243,116,60,130
חוקוק,801,51,238,225,124,57,106
מגל,1400,78,385,386,292,96,163
עברון,1044,108,203,349,134,55,195
המעפיל,1023,78,258,299,175,77,136
משגב עם,420,39,61,199,33,38,50
גאולים,988,75,195,316,145,103,154
להבות הבשן,973,46,204,320,147,100,156
מכמורת,1552,96,351,443,238,130,294
"עין הנצי""ב",759,99,205,246,51,42,116
עמיעד,682,55,131,212,80,56,148
בני דרור,1252,68,202,278,114,107,483
כפר מונש,919,79,222,263,135,78,142
כפר קיש,796,66,214,246,116,62,92
בצרה,1113,81,258,324,174,110,166
רגבה,1108,62,217,335,154,89,251
קדמה,26,2,6,8,3,1,6
גלאון,749,58,200,205,89,49,148
שובל,989,93,238,297,131,72,158
משמר הנגב,1326,101,299,369,181,111,265
נבטים,1130,90,243,405,143,103,146
חצרים,1136,81,216,366,126,107,240
שרשרת,418,44,102,138,41,38,55
בארי,1202,109,254,440,129,86,184
אבן שמואל,2001,209,670,676,237,73,136
ניר יצחק,697,50,111,249,56,66,165
אורים,616,42,81,203,63,57,170
נווה אילן,1090,63,244,328,169,83,203
חצור-אשדוד,1067,92,209,339,133,50,244
דברת,672,76,192,204,86,32,82
נאות מרדכי,811,81,169,279,82,48,152
יחיעם,930,45,257,268,159,37,164
קרית שלמה,7,0,0,0,0,2,5
צאלים,518,33,91,153,82,44,115
קלחים,649,64,192,203,102,35,53
שוקדה,763,119,316,246,30,21,31
מעין ברוך,883,64,153,399,83,53,131
יקום,866,82,194,266,136,41,147
בני ציון,1144,66,254,358,162,135,169
סעד,1008,110,261,354,92,49,142
משאבי שדה,644,59,114,210,49,73,139
חרב לאת,874,82,196,265,120,78,133
העוגן,985,70,221,270,141,53,230
גבים,715,64,137,269,97,67,81
משמרת,963,53,222,297,174,111,106
עין כרמל,819,44,205,236,171,64,99
כפר גלים,164,12,32,77,25,9,9
ברור חיל,1181,70,255,373,170,113,200
אלוני אבא,1042,37,260,308,214,106,117
בית לחם הגלילית,842,56,177,265,102,81,161
דלתון,1016,118,212,398,93,112,83
שמרת,712,54,176,219,85,45,133
נחשולים,793,63,185,248,115,71,111
החותרים,963,108,225,299,127,48,156
נצר סרני,1137,140,282,346,138,44,187
עין דור,1423,83,344,396,193,117,290
רשפים,1257,130,416,407,135,55,114
שלוחות,556,66,142,168,15,47,118
יסודות,816,135,325,233,47,13,63
גדעונה,557,65,154,192,65,26,55
כפר הנשיא,993,68,167,287,124,102,245
רגבים,745,69,181,196,105,45,149
רמות מנשה,1477,84,381,453,276,104,179
אודים,1155,98,237,368,175,116,161
נורדיה,2045,148,339,495,202,170,691
בני עטרות,890,79,210,275,130,72,124
נחלים,1457,180,366,459,137,84,231
בארות יצחק,572,61,94,182,58,42,135
יזרעאל,804,49,143,197,129,68,218
יפתח,786,48,168,266,98,57,149
סער,1053,88,263,332,165,88,117
שורש,1281,66,175,264,111,111,554
גזית,955,71,184,307,126,68,199
רמת רזיאל,705,42,158,213,109,58,125
טל שחר,1261,115,318,402,178,100,148
געתון,865,63,209,259,125,51,158
הראל,362,41,55,98,44,38,86
צובה,827,55,141,300,95,93,143
בית דגן,7631,607,1515,2705,985,801,1018
קרית עקרון,11202,912,2146,3937,1257,1110,1840
אבו גוש,8791,896,2017,3547,915,699,717
אבו סנאן,14626,1330,2961,6205,1764,1154,1212
דחי,762,61,148,318,116,49,70
אכסאל,16031,1608,3820,6742,1783,1140,938
בית ג'ן,12953,1081,2537,5607,1550,1055,1123
מגאר,24779,2256,5211,10882,2824,1891,1715
בועיינה-נוג'ידאת,11006,1104,2639,4860,1170,683,550
בענה,8883,740,2014,3842,1072,652,563
ג'ולס,6939,589,1282,2981,888,609,590
ג'ש )גוש חלב(,3434,246,583,1326,453,378,448
דבוריה,11213,1037,2505,4619,1279,967,806
דייר אל-אסד,13571,1243,3204,5819,1489,941,875
דייר חנא,11378,941,2422,4897,1311,951,856
דייר ראפאת,90,6,28,37,11,2,6
דאלית אל-כרמל,18716,1487,3675,7419,2541,1759,1835
חורפיש,7059,649,1462,3034,852,538,524
טייבה )בעמק(,2077,241,510,889,201,128,108
טורעאן,15558,1456,3771,6462,1696,1143,1030
יפיע,20573,1879,4544,8522,2379,1679,1570
ירכא,16976,1503,3815,7355,1894,1289,1120
כאבול,13310,1267,3120,5606,1557,989,771
כאוכב אבו אל-היג'א,4151,352,938,1695,527,315,324
כפר יאסיף,11301,858,2191,4625,1367,1041,1219
כפר כמא,3694,317,652,1496,404,305,520
כפר כנא,24987,2668,5985,10442,2592,1696,1604
כפר מנדא,22485,2533,5664,9882,2085,1300,1021
עילוט,9257,1036,2312,3925,990,568,426
כפר מצר,2938,306,667,1248,333,209,175
עין ראפה,1351,132,337,569,134,89,90
מג'ד אל-כרום,16403,1324,3725,7109,1936,1227,1082
מזרעה,4295,422,790,1847,420,422,394
מעיליא,3443,234,572,1282,517,322,516
משהד,9389,1008,2308,4048,878,587,560
עין נקובא,4153,541,1154,1742,365,198,153
נחף,14482,1497,3554,6281,1519,890,741
ניין,2134,225,429,911,236,169,164
נאעורה,2615,267,686,1085,270,161,146
סאג'ור,4634,425,919,2130,573,298,289
סולם,3173,321,710,1329,348,234,231
שזור,355,26,51,121,40,37,80
עוזייר,3625,464,868,1560,364,202,167
אעבלין,14106,1181,3106,5821,1710,1179,1109
עיילבון,5978,454,1190,2419,703,523,689
עראבה,28580,2814,7040,12072,3110,1887,1657
עין מאהל,14581,1465,3241,6177,1656,1112,930
עספיא,13208,945,2548,5241,1786,1227,1461
פסוטה,3631,225,666,1439,485,354,462
פקיעין )בוקייעה(,6355,455,1195,2685,764,593,663
פוריידיס,14136,1311,3447,5843,1607,1037,891
שעב,7976,838,1758,3405,909,644,422
רומאנה,1334,139,338,615,120,77,45
ריחאניה,1327,110,252,530,161,118,156
ג'סר א-זרקא,15972,1823,4381,6716,1576,845,631
ריינה,17669,1543,3886,7375,2004,1501,1360
ראמה,8721,583,1613,3455,1077,815,1178
עין אל-אסד,954,71,195,398,130,85,75
טמרה )יזרעאל(,1742,166,440,718,202,102,114
גנות הדר,1016,49,208,345,163,118,133
ניר בנים,773,45,164,255,91,107,111
שדמה,514,24,97,166,75,65,87
בוסתן הגליל,1120,105,276,375,139,83,142
בית אלעזרי,1604,110,403,489,255,114,233
משמר דוד,1516,132,582,431,244,44,83
רבדים,952,56,245,262,165,81,143
אזור,13736,1174,2602,4508,1733,1201,2518
גבעת שמש,8,0,0,3,1,0,4
צרעה,1281,81,207,342,224,89,338
מעונה,944,60,198,329,134,88,135
בית גמליאל,1093,91,263,350,134,75,180
בית העמק,807,68,161,251,81,81,165
מבקיעים,595,87,96,260,52,46,54
גשר הזיו,1736,54,400,567,321,193,201
יסעור,972,75,288,283,149,63,114
כברי,1250,82,284,354,185,108,237
יד בנימין,4532,518,1459,1620,527,210,198
סאסא,548,35,72,177,65,50,149
כפר ראש הנקרה,1549,72,339,490,249,166,233
"כרם מהר""ל",1014,65,250,297,162,92,148
כפר הנגיד,1064,99,188,354,144,103,176
זיקים,1182,107,241,397,162,98,177
לביא,750,71,161,295,67,39,117
מגידו,996,48,246,289,182,99,132
סביון,5353,226,1016,1401,785,688,1237
בני ראם,1400,125,352,494,190,103,136
בצת,684,83,151,243,72,46,89
נווה אור,517,38,109,175,54,42,99
עשרת,1084,41,187,327,137,181,211
בני דרום,1052,127,352,329,117,45,82
ערוגות,1013,71,262,306,158,73,143
צפריה,1027,131,326,312,121,29,108
לוחמי הגיטאות,963,104,247,318,97,50,147
מלכיה,576,31,97,170,95,57,126
פלמחים,892,76,163,307,125,91,130
בית קמה,1183,54,332,367,243,81,106
פרוד,740,64,210,211,88,55,112
נירים,592,46,106,201,71,42,126
אלקוש,297,12,39,106,37,41,62
בית עריף,1039,98,196,352,122,135,136
כפר שמאי,615,67,208,163,63,47,67
מזור,1164,59,254,377,170,129,175
מירון,983,139,253,335,95,54,107
כפר חושן,923,74,234,312,105,100,98
סתריה,1131,88,243,324,169,115,192
צרופה,1112,102,243,396,140,100,131
ציפורי,1047,94,249,351,134,83,136
שומרה,436,43,77,157,48,50,61
קדרון,1699,93,384,530,268,181,243
רינתיה,1055,90,271,319,155,70,150
ברקאי,736,30,161,212,105,80,148
חדיד,982,96,242,308,121,85,130
בית גוברין,487,37,133,131,85,48,53
משואות יצחק,709,80,179,225,58,44,123
עין צורים,845,114,235,292,61,31,112
יראון,517,35,84,182,66,40,110
ג'לג'וליה,11390,1249,2778,4719,1201,746,697
ג'ת,13310,1365,2950,5532,1335,1105,1023
כפר ברא,4386,579,1088,1853,414,260,192
כפר קאסם,26818,3043,6474,11390,2719,1803,1389
מוקייבלה,4677,607,1165,1940,468,279,218
צנדלה,1987,186,437,823,191,169,181
ערערה,21720,2125,4923,8847,2556,1683,1586
קלנסווה,25020,2719,6247,10502,2488,1694,1370
מצר,571,45,85,177,62,58,144
מייסר,2184,208,523,886,265,150,152
אבטין,2994,320,695,1239,312,232,196
כפר קרע,21248,2176,4740,8848,2316,1640,1528
שייח' דנון,3161,312,677,1371,368,228,205
שער אפרים,2034,132,516,668,346,202,170
חוסן,1264,121,317,424,165,121,116
טירת יהודה,1249,110,310,421,171,92,145
כרם בן זמרה,666,70,166,235,57,61,77
תקומה,867,95,245,297,98,34,98
עומר,9148,468,1988,2657,1332,808,1895
ברעם,769,56,126,256,101,71,159
מפלסים,1001,73,155,398,104,106,165
משמר איילון,601,45,164,182,82,37,91
בית נקופה,697,69,146,234,68,64,116
כפר טרומן,863,77,181,280,111,94,120
לימן,889,57,180,329,129,78,116
הבונים,500,37,117,138,65,36,107
עין השלושה,398,34,57,136,37,39,95
הסוללים,1064,91,209,341,129,130,164
מעגן,469,50,80,167,45,33,94
אביאל,862,62,243,271,139,63,84
אומץ,793,51,202,249,120,77,94
גבעת שמואל,30991,3058,7033,10811,3605,2040,4444
אליקים,916,98,203,303,93,82,137
גבע כרמל,1059,75,258,347,154,86,139
היוגב,1026,112,276,337,89,41,171
בניה,880,68,216,272,100,81,143
נווה ימין,1273,108,211,432,170,124,228
עין איילה,1209,99,289,413,187,109,112
עלמה,898,89,222,336,101,73,77
מגדים,1215,95,281,389,179,96,175
כפר אחים,816,74,212,261,96,64,109
שפיר,965,108,295,300,123,54,85
"נתיב הל""ה",722,57,129,227,102,105,102
מעגן מיכאל,2435,190,470,932,265,197,381
מגן,625,47,99,206,71,53,149
"כפר חב""ד",8095,1191,2470,2772,618,390,654
בארותיים,1159,82,283,357,220,76,141
בורגתה,1203,84,261,386,182,115,175
ניר ישראל,893,57,222,278,143,51,142
חצב,1344,118,337,439,157,124,169
ארבל,757,63,195,234,116,49,100
האון,203,11,13,89,23,16,51
גבעת עוז,571,37,83,167,73,67,144
נחשונים,547,37,127,148,83,51,101
גיאה,864,72,212,248,128,60,144
כפר דניאל,667,15,154,199,139,69,91
עמקה,945,107,222,304,106,77,129
תפרח,2266,342,830,681,172,82,159
בית זית,1526,112,270,496,180,173,295
עזריה,1213,119,288,416,156,91,143
בן עמי,803,67,188,257,91,83,117
רעים,517,34,95,160,77,46,105
ארז,701,69,126,281,76,53,96
להבות חביבה,1056,69,301,291,213,83,99
אייל,634,64,140,215,60,50,105
חגור,1048,81,223,330,169,102,143
ירחיב,1161,103,220,442,118,156,122
תל קציר,604,64,150,197,66,31,96
ניר גלים,1252,114,435,415,136,53,99
שדה אילן,789,105,237,255,81,20,91
מגשימים,941,80,176,288,130,85,182
בית הגדי,958,104,242,355,76,85,96
הודיה,819,78,212,246,105,54,124
תלמי יחיאל,932,71,211,331,122,88,109
משמר השבעה,979,82,187,292,135,103,180
אליפלט,803,85,179,294,72,64,109
מישר,735,41,208,199,115,54,118
משמר הירדן,902,87,207,333,92,69,114
גן יאשיה,968,69,221,311,142,105,120
רמות מאיר,773,40,180,211,132,92,118
גילת,1650,144,405,594,207,129,171
עולש,1174,101,296,373,159,111,134
דור,441,63,82,167,24,33,72
שדה עוזיהו,1510,157,356,538,144,138,177
אשתאול,1115,101,256,405,127,83,143
שואבה,603,31,113,191,85,81,102
מסילת ציון,1020,75,215,369,129,110,122
כפר שמואל,923,83,232,288,145,53,122
תלמי יפה,714,29,156,229,131,84,85
גמזו,1164,138,339,347,142,70,128
ברכיה,1223,138,311,428,112,101,133
בית שקמה,864,91,199,295,94,56,129
מסלול,927,98,231,331,135,54,78
פטיש,1060,120,260,375,91,90,124
פדויים,471,34,86,184,52,53,62
בית מאיר,456,55,85,180,37,31,68
תעוז,669,68,170,198,81,46,106
ינוב,875,72,172,288,111,79,153
גורן,488,42,81,170,50,60,85
בית עזרא,1105,90,212,366,139,132,166
מצליח,1370,139,280,491,121,142,197
יד חנה,1072,81,363,289,195,46,98
יציץ,865,104,171,295,96,83,116
בן זכאי,877,92,190,304,98,95,98
שובה,936,126,305,307,80,46,72
בטחה,854,69,178,295,103,100,109
שתולים,2080,197,409,774,235,242,223
כפר מרדכי,694,41,191,189,98,60,115
משגב דב,768,50,193,228,131,64,102
קוממיות,527,70,184,136,28,33,76
פורת,1401,145,312,491,164,151,138
כרמיה,751,63,184,267,99,53,85
ניר עציון,701,109,167,255,51,50,69
מבוא ביתר,1167,100,343,354,161,74,135
אמונים,1015,79,229,312,152,108,135
עמיקם,769,42,163,279,113,83,89
צוריאל,479,48,89,179,53,54,56
יד נתן,603,46,140,181,95,51,90
מחסיה,512,54,135,172,47,32,72
נחשון,723,55,150,216,86,67,149
תרום,947,68,270,322,132,59,96
עמינדב,914,83,175,293,137,79,147
אורה,1216,125,222,461,138,119,151
אבן ספיר,704,51,149,222,100,70,112
בית נחמיה,898,73,175,270,135,112,133
אחיהוד,1065,127,206,411,116,101,104
כפר זיתים,770,89,198,250,60,68,105
גבעת יערים,1248,102,238,437,139,149,183
זיתן,1109,94,217,398,132,97,171
רנן,687,59,165,244,86,52,81
משען,971,74,208,334,113,112,130
נתיב השיירה,521,31,100,178,54,54,104
גבעתי,1022,104,256,337,118,83,124
עגור,512,53,126,181,55,46,51
יערה,960,87,207,377,103,79,107
צלפון,1058,95,261,351,127,77,147
אחיעזר,2070,298,524,708,160,183,197
יגל,906,68,210,313,108,92,115
זכריה,1115,92,257,380,138,121,127
בית חנניה,870,69,185,303,101,103,109
חמד,1178,138,377,363,133,55,112
"גבעת כ""ח",943,93,207,320,105,93,125
יושיביה,747,78,270,223,79,35,62
אחיסמך,1311,123,313,469,130,126,150
ישעי,924,110,232,314,81,75,112
עין יהב,951,58,242,288,162,82,119
חניאל,924,64,184,305,110,112,149
ניר אליהו,673,34,174,164,116,43,142
נחם,627,66,144,200,68,48,101
עופר,581,50,126,204,57,62,82
יכיני,792,84,168,275,92,72,101
שלומי,8780,683,1760,3211,1238,804,1084
עין יעקב,1264,134,312,447,139,119,113
תלמים,884,95,213,315,78,67,116
זבדיאל,772,93,212,265,58,61,83
זנוח,550,51,100,196,61,64,78
עזריקם,1443,134,339,521,142,145,162
זרחיה,811,93,199,293,82,68,76
אביגדור,925,84,219,275,119,81,147
חלץ,553,44,120,165,79,61,84
אחוזם,532,39,89,203,60,62,79
מטע,895,86,210,311,101,79,108
בר גיורא,726,104,153,261,55,53,100
כוכב מיכאל,1198,92,327,338,197,79,165
נס הרים,1433,86,465,450,237,85,110
עוזה,420,38,70,113,49,74,76
נווה מבטח,668,47,152,208,110,42,109
ישרש,1061,109,226,360,123,111,132
מבטחים,575,60,101,200,39,70,105
ירוחם,12560,1414,3025,4498,1231,1009,1383
נורית,287,19,98,92,53,12,13
גנות,510,50,92,169,63,43,93
עזריאל,946,69,245,308,145,67,112
פדיה,823,62,163,302,93,83,120
פתחיה,902,100,170,314,91,101,126
כיסופים,413,32,67,128,45,50,91
אלישמע,1148,91,235,381,145,129,167
געש,1095,106,227,328,137,81,216
מרגליות,475,35,53,221,40,62,64
נחל עוז,560,51,111,207,74,39,78
כפר עזה,1045,103,160,437,95,86,164
שפר,519,58,130,162,48,49,72
בית רבן,536,167,81,266,13,8,1
דביר,1217,88,373,382,189,70,115
אחיטוב,1017,76,184,362,150,94,151
ניצני עוז,1113,86,262,379,156,116,114
גונן,509,28,112,131,90,38,110
גאליה,1141,80,225,379,160,107,190
רחוב,492,46,90,184,63,38,71
שעלבים,1528,162,531,522,196,55,62
כפר אביב,826,62,198,247,124,70,125
נווה ירק,1245,87,292,393,201,103,169
כסלון,447,49,97,156,55,35,55
שדה אליעזר,1036,98,254,317,149,103,115
גני יוחנן,691,47,143,203,101,69,128
גינתון,929,90,193,286,149,74,137
בקוע,910,90,228,299,103,80,110
שיבולים,422,30,93,147,54,38,60
יטבתה,973,54,180,325,135,113,166
אלוני יצחק,175,7,21,58,12,17,60
גבעת השלושה,762,58,161,240,106,66,131
עינת,949,51,280,235,181,83,119
גאולי תימן,395,30,93,117,46,28,81
שלווה,659,91,138,242,58,57,73
מגדל העמק,31355,2677,5958,10479,3628,2916,5697
בית חירות,946,63,225,291,144,84,139
עין שריד,1579,125,354,533,182,179,206
אורנים,7,0,0,4,1,0,2
שדה בוקר,611,43,122,196,74,52,124
איתנים,3,0,0,0,0,0,3
"כפר הרי""ף",882,61,213,278,135,81,114
כפר חסידים ב',269,20,61,82,32,12,62
כפר הנוער הדתי,71,11,12,20,4,4,20
עבדון,757,64,158,281,87,75,92
מדרשת רופין,5,0,0,2,1,1,1
שבלי - אום אל-גנם,7016,639,1764,2814,815,515,469
ישע,463,37,101,138,82,35,70
עצמון שגב,1457,92,366,476,204,166,153
גבעת ישעיהו,758,68,161,258,95,76,100
שער מנשה,114,0,0,11,22,28,53
רכסים,14795,2894,4803,4876,847,577,798
נווה אבות,17,0,0,0,0,1,16
אבו עמרה )שבט(,19,2,3,1,4,6,3
אבו סריחאן )שבט(,29,3,2,10,8,3,3
מסעודין אל-עזאזמה,20449,4069,7094,7072,1161,516,537
סואעד )חמרייה(,281,35,51,109,30,23,33
בסמת טבעון,8413,825,1832,3515,983,677,581
חוג'ייראת )ד'הרה(,28,0,5,6,2,5,10
הוזייל )שבט(,1710,313,501,539,128,123,106
עוקבי )בנו עוקבה(,659,116,190,257,47,32,17
אבו עבדון )שבט(,296,62,91,99,20,11,13
אפיניש )שבט(,118,29,21,40,14,8,6
אסד )שבט(,1190,267,442,379,43,32,27
אבו רוקייק )שבט(,11393,2134,3800,4142,652,336,329
טובא-זנגריה,7348,762,1707,3138,833,502,406
אעצם )שבט(,12485,2647,4347,4329,607,313,242
קודייראת א-צאנע)שבט(,2686,18,1125,1174,202,79,88
אטרש )שבט(,3520,13,1640,1518,194,88,67
אבו רובייעה )שבט(,9930,2024,3354,3465,531,282,274
אבו ג'ווייעד )שבט(,5336,1151,1853,1760,295,125,152
אבו קורינאת )שבט(,7500,1565,2499,2611,429,193,203
עטאוונה )שבט(,156,1,47,60,14,10,24
תראבין א-צאנע )שבט(,1136,12,528,474,67,24,31
קוואעין )שבט(,1134,5,572,481,38,20,18
זרזיר,9292,977,2418,3876,958,588,475
ג'נאביב )שבט(,1655,375,548,538,106,42,46
כעביה-טבאש-חג'אג'רה,6506,723,1643,2716,645,441,338
ח'ואלד )שבט(,92,16,22,30,6,11,7
סואעד )כמאנה( )שבט(,31,0,4,10,8,6,3
ראס עלי,752,84,205,316,73,47,27
חמאם,1772,183,360,762,200,149,118
מנשית זבדה,1618,239,414,646,142,110,67
רומת הייב,2417,299,592,997,230,150,149
ביר אל-מכסור,11142,1164,2753,4646,1129,761,689
מבשרת ציון,28236,2398,5221,9218,3266,2731,5402
אור עקיבא,26578,2530,4861,9270,2933,2472,4512
חרוצים,868,63,171,284,125,89,136
שדרות,38179,4782,7541,15343,3512,2956,4045
קרית מלאכי,28750,3585,6838,10454,2338,2105,3430
נצאצרה )שבט(,437,1,165,167,65,24,15
אבו עמאר )שבט(,101,9,23,45,12,8,4
גיזו,214,10,53,70,32,30,19
יעף,273,12,79,73,58,27,24
שתולה,377,47,80,136,39,29,46
אוהד,427,15,118,122,88,25,59
חזון,390,42,87,116,39,14,92
בית חשמונאי,2340,116,657,717,462,203,185
תלמי אליהו,324,25,69,104,47,17,62
קטורה,661,43,107,240,60,59,152
עין חצבה,56,13,8,17,7,4,7
תל שבע,23625,4353,7804,8892,1402,659,515
"עין כרם-בי""ס חקלאי",20,0,3,9,4,2,2
נווה זוהר,66,5,4,18,3,15,21
שדה ניצן,573,30,113,151,111,49,119
כסיפה,21485,3999,7010,8010,1295,670,501
לקיה,18622,3423,5799,6970,1308,633,489
נוף הגליל,55511,4539,9141,18426,6666,5326,11413
מעלות-תרשיחא,25969,1817,4811,8886,3249,2614,4592
אמירים,899,64,195,285,152,80,123
זמרת,787,110,249,257,71,44,56
"בני עי""ש",7292,526,1140,2329,831,839,1627
"דוב""ב",512,47,93,192,57,53,70
אדמית,543,34,104,161,89,56,99
רם-און,966,40,231,296,175,118,106
אביעזר,924,69,236,283,149,95,92
נווה מיכאל,848,96,230,304,79,50,89
גן הדרום,540,35,156,155,86,30,78
בית ברל,55,4,7,20,8,7,9
גבעת שפירא,335,20,77,95,66,36,41
צפרירים,450,41,85,155,62,47,60
מבועים,1297,124,261,491,139,167,115
אבן מנחם,413,40,80,143,43,47,60
מעגלים,1500,129,304,605,144,204,114
תושיה,598,58,165,237,71,31,36
בן שמן )כפר נוער(,261,28,54,82,22,23,52
כרם שלום,283,41,62,112,29,20,19
כרם ביבנה )ישיבה(,268,75,55,119,11,3,5
כפר מימון,846,104,218,316,86,48,74
מרכז שפירא,2977,424,853,988,221,211,280
צוקי ים,267,15,52,72,51,21,56
גני הדר,409,27,92,130,60,43,57
פוריה - כפר עבודה,407,38,72,161,39,45,52
פוריה - נווה עובד,1648,192,353,592,166,127,218
אומן,892,107,202,333,99,70,81
חבר,1011,122,281,386,111,67,44
יודפת,1061,80,308,365,156,59,93
צור הדסה,10979,1120,3130,3736,1307,804,882
שריגים )לי-און(,1102,62,242,369,137,182,110
אביבים,551,53,125,205,70,37,61
יעל,28,3,3,12,3,6,1
אדרת,939,60,252,330,151,79,67
נאות הכיכר,306,18,64,88,47,22,67
אלמגור,454,36,108,122,74,25,89
אילות,411,31,87,148,45,26,74
מעלה גלבוע,864,86,358,271,70,26,53
מי עמי,426,30,117,123,58,29,69
גרופית,408,24,76,133,49,43,83
כפר רוזנואלד )זרעית(,303,19,42,107,56,24,55
שניר,773,67,162,276,111,67,90
ורדון,306,33,64,120,25,34,30
יד השמונה,307,25,80,101,48,13,40
צוחר,592,48,78,262,60,64,80
קרית יערים,7607,1451,2440,2630,368,307,411
יעד,932,77,210,301,133,108,103
כרמיאל,55526,3412,9117,17794,7270,5395,12538
מדרשת בן גוריון,1865,114,486,599,321,155,190
מבוא מודיעים,225,20,41,85,20,9,50
נס עמים,480,35,165,144,97,13,26
אלומה,1555,311,584,497,57,57,49
עלומים,530,56,127,188,39,39,81
נטועה,381,35,80,129,39,35,63
צור נתן,325,15,62,92,70,14,72
עזר,760,43,133,278,72,135,99
צופר,571,46,123,232,32,60,78
פארן,626,48,159,208,60,61,90
אשלים,715,57,213,245,88,45,67
כישור,146,2,2,40,46,30,26
מיטל,81,20,26,33,0,2,0
מגן שאול,811,81,244,256,96,33,101
סמר,295,17,38,122,33,50,35
אחווה,185,5,9,40,7,25,99
יהל,383,40,88,117,38,41,59
שכניה,825,43,188,264,124,108,98
רהט,79087,13642,24595,31069,5435,2404,1942
בית רימון,1236,218,487,402,67,25,37
מורן,526,30,124,177,73,42,80
שילת,806,73,184,273,102,73,101
כפר רות,286,40,64,85,23,9,65
קיסריה,7495,416,1420,2196,1022,956,1485
הוואשלה )שבט(,2236,24,989,948,142,73,60
סייד )שבט(,1918,15,984,752,64,46,57
לוטם,809,41,233,249,146,74,66
תובל,507,39,104,187,54,72,51
לפידות,144,8,13,52,15,7,49
מנוף,937,32,234,293,153,101,124
עידן,533,32,137,180,84,33,67
ספיר,616,58,157,200,81,63,57
טללים,681,59,206,246,118,40,12
מורשת,1779,147,531,633,203,155,110
קורנית,984,49,268,300,131,130,106
צביה,337,19,55,90,46,49,78
טל-אל,1450,85,366,479,207,158,155
אלון הגליל,1246,87,282,428,145,153,151
כליל,1029,108,271,360,139,75,76
מתת,256,16,55,100,24,26,35
פלך,225,24,81,82,28,5,5
הושעיה,2194,186,582,765,252,209,200
עיר אובות,65,5,25,21,7,2,5
אשחר,1133,105,376,388,152,69,43
מצפה נטופה,1175,148,350,403,82,95,97
בר יוחאי,1271,139,390,476,153,72,41
ערערה-בנגב,21329,3832,7089,8186,1268,525,429
ניצנה )קהילת חינוך(,324,20,44,217,32,6,5
מחנה יתיר,319,68,151,92,5,0,3
נאות סמדר,248,20,44,90,24,31,39
כרמים,538,70,191,187,48,28,14
עדי,1983,108,419,647,272,270,267
מודיעין-מכבים-רעות,107856,7843,25970,36055,16431,9519,12038
כמון,830,52,204,283,101,95,95
מכמנים,652,46,178,231,70,49,78
הררית,750,49,247,216,126,38,74
גילון,1282,82,275,435,188,158,144
מנות,625,63,150,232,63,59,58
גיתה,307,14,61,103,41,37,51
לבון,932,42,271,313,177,60,69
הילה,607,21,100,222,94,96,74
חרשים,392,54,86,129,41,30,52
כחל,550,48,126,193,43,48,92
קדרים,379,47,93,143,25,67,4
עמוקה,189,15,22,65,9,15,63
צבעון,452,43,153,170,53,19,14
טפחות,464,68,138,172,31,20,35
גורנות הגליל,342,28,75,134,28,29,48
אבירים,385,58,75,155,23,32,42
צורית,1002,70,193,362,129,112,136
"מצפה אבי""ב",1167,86,327,390,171,102,91
שדי אברהם,400,26,87,145,64,44,34
כוכב יאיר,10520,600,2179,3282,1314,1333,1812
רביד,129,23,18,62,15,11,0
יובלים,1407,75,294,430,208,129,271
יתד,664,82,190,232,72,36,52
רקפת,1094,58,250,397,159,131,99
כלנית,300,50,69,116,3,24,38
לבנים,576,55,141,204,61,43,72
פרי גן,258,15,63,90,37,14,39
יבול,401,28,136,124,56,5,52
שקף,606,91,184,228,34,21,48
קבועה )שבט(,1441,14,541,672,107,54,53
שורשים,723,53,179,254,94,58,85
נירית,1110,64,166,360,135,147,238
תלמי יוסף,394,19,81,136,54,32,72
סופה,265,24,40,108,20,48,25
חולית,223,19,48,100,26,19,11
עין הבשור,1191,43,327,361,257,63,140
דקל,440,27,116,140,64,28,65
נתיב העשרה,1103,70,259,378,191,73,132
קציר,3180,173,720,1062,462,422,341
תמרת,1648,172,291,494,154,144,393
סלמה,3923,473,947,1676,421,209,197
עראמשה,1728,167,421,694,190,118,138
חריש,39059,7549,10583,14567,2878,1454,2028
אליפז,215,9,63,75,32,28,8
הרדוף,670,63,137,250,77,91,52
עין תמר,230,21,51,75,27,21,35
כורזים,450,39,56,163,27,46,119
אמנון,533,60,115,174,47,44,93
נטף,586,94,97,229,36,33,97
לוטן,282,30,49,102,35,52,14
אשרת,664,46,149,211,82,62,114
חנתון,989,64,341,296,169,54,65
מסד,473,57,103,171,39,57,46
נווה שלום,394,40,77,154,37,36,50
רתמים,860,148,395,299,11,2,5
הר עמשא,265,45,80,95,15,16,14
צוקים,409,30,126,117,91,27,18
כפר ורדים,6258,259,1253,1878,885,685,1298
כרמי יוסף,1986,177,383,590,203,171,462
שומריה,863,123,361,272,43,36,28
שחרות,175,13,21,72,25,27,17
שיטים,3,0,0,2,1,0,0
מיתר,12621,896,3601,4224,1714,887,1299
להבים,7811,537,1637,2474,921,791,1451
חלוץ,645,28,157,222,85,91,62
גן נר,2851,149,551,1086,379,368,318
אבטליון,515,21,162,154,100,56,22
אשבל,143,32,29,57,25,0,0
באר מילכה,229,20,86,69,43,8,3
נווה חריף,107,9,15,49,14,13,7
ניצני סיני,386,46,86,155,41,31,27
מירב,849,98,318,291,75,58,9
תל תאומים,653,99,185,241,30,46,52
נופית,2640,106,546,862,428,317,381
כרכום,529,36,76,190,38,115,74
שגב-שלום,13445,2365,4284,5232,858,403,303
שני,551,38,136,189,77,45,66
גבעת אלה,2115,146,446,643,248,193,439
זמר,7970,836,1861,3278,806,598,591
כמהין,263,24,78,89,48,19,5
ג'דיידה-מכר,21740,1807,4457,9231,2748,1945,1552
גבעת אבני,2323,135,476,801,304,281,326
אור הגנוז,673,96,232,213,75,46,11
יאנוח-ג'ת,7106,614,1576,3071,861,500,484
כסרא-סמיע,9597,1020,2355,4140,989,598,495
כפר חנניה,812,81,199,274,108,87,63
אתגר,33,0,0,9,1,8,15
חורה,21682,4091,7405,7888,1291,547,460
שוהם,24964,1944,4994,8898,3412,3125,2591
אלעד,50599,7429,18780,17921,3904,1381,1184
לפיד,2239,98,406,806,306,420,203
אבשלום,455,31,84,154,64,50,72
פוריה עילית,1460,124,313,518,166,131,208
נווה זיו,964,52,264,330,163,95,60
מתן,3459,146,733,1206,515,591,268
אל-עריאן,194,25,33,89,20,17,10
דמיידה,593,72,157,218,66,47,33
מבואות ים,60,5,18,24,9,3,1
בת חפר,5505,240,1122,2018,949,774,402
עין חוד,333,44,73,139,34,24,19
ח'ואלד,788,81,204,311,101,50,41
הודיות,52,11,18,19,2,1,1
בת הדר,698,38,172,235,99,71,83
ארסוף,244,20,55,60,47,23,39
כפר זוהרים,44,13,14,17,0,0,0
"בסמ""ה",12176,1431,3088,5084,1197,737,639
מעלה עירון,16442,1749,3784,6865,1828,1237,979
אחוזת ברק,2679,162,662,932,427,266,230
כמאנה,1706,180,397,731,188,109,101
חוסנייה,986,128,222,434,100,45,57
נוף איילון,2211,172,451,851,191,322,224
ראס אל-עין,446,48,99,210,40,27,22
ערב אל נעים,915,113,202,465,82,36,17
אירוס,1000,63,309,320,178,83,47
שמשית,2514,78,498,936,511,372,119
כדיתה,217,26,46,87,20,20,18
אל-עזי,171,15,51,54,16,23,12
מרחב עם,632,73,295,191,54,13,6
אבו קרינאת )יישוב(,1600,341,415,683,104,29,28
מכחול,1431,288,408,553,94,44,44
גבעות בר,1332,73,517,414,245,49,34
צור יצחק,7509,818,2488,2455,956,285,507
תראבין א-צאנע)ישוב(,1413,275,427,548,95,29,39
קצר א-סר,3080,651,905,1180,202,82,60
ביר הדאג',3473,781,1107,1199,206,104,76
דריג'את,1148,170,305,505,87,44,37
אום בטין,5093,1003,1525,2038,278,149,100
אל סייד,4354,904,1215,1752,254,141,88
סעוה,2605,567,781,940,202,74,41
בת חן,523,34,87,144,65,33,160
גבעות עדן,498,146,149,186,11,5,1
בני נצרים,961,175,395,309,49,21,12
שלומית,563,146,239,171,6,1,0
אליאב,879,131,378,252,106,7,5
נווה,1143,240,459,350,63,19,12
כחלה,476,59,151,191,25,20,30
בני דקלים,1955,284,868,605,97,54,47
נטע,973,178,401,327,51,16,0
מצפה אילן,848,97,378,271,101,0,1
גני טל,1007,144,383,307,75,7,91
נצר חזני,576,88,190,196,37,23,42
שלווה במדבר,15,5,2,6,1,1,0
כרמי קטיף,833,151,322,272,55,28,5
אבו תלול,3066,668,985,1102,183,70,58
באר גנים,2398,322,771,826,167,120,192
שבי דרום,660,153,279,190,19,17,2
שיזף,146,39,51,54,0,0,2
מחנה הילה,278,91,55,132,0,0,0
מחנה תל נוף,357,115,69,171,2,0,0
מחנה יהודית,272,84,59,126,3,0,0
מחנה מרים,193,59,42,90,2,0,0
מחנה יפה,375,81,94,194,6,0,0
מחנה יוכבד,242,57,60,123,2,0,0
מחנה טלי,265,66,69,126,4,0,0
ניצן ב',549,58,112,257,36,45,41
תנובות,897,81,171,300,113,107,125
תלמי אלעזר,1036,87,249,330,152,95,123
כנות,68,8,17,23,3,9,8
שדה יצחק,617,51,118,223,94,58,73
יובל,837,58,144,380,88,62,105
כפר בן נון,833,70,212,246,136,56,113
ינון,1176,102,247,412,138,139,138
אורות,609,44,109,195,67,76,118
בן שמן )מושב(,937,71,220,278,147,92,129
גבעולים,515,67,132,177,59,26,54
שדי חמד,1052,84,216,324,190,96,142
רוויה,405,37,107,134,58,25,44
גבעת חיים )איחוד(,1485,114,324,400,226,96,325
אשל הנשיא,131,9,22,49,18,18,15
להב,815,62,214,246,113,54,126
אום אל-קוטוף,1243,136,289,528,113,94,83
ירדנה,459,48,110,157,51,37,56
מדרך עוז,830,48,209,250,135,69,119
מנוחה,669,69,151,248,68,63,70
בית חלקיה,1052,166,382,351,53,39,61
חצור הגלילית,11420,1397,2533,3969,1026,946,1549
עדנים,436,35,103,134,54,33,77
ברקת,2150,343,562,790,147,154,154
קרית יערים)מוסד(,42,1,15,12,5,1,8
עין גדי,620,32,95,184,98,70,141
בחן,1179,72,381,295,244,87,100
מלילות,462,55,112,158,43,33,61
נחלה,754,77,195,248,88,61,85
סגולה,633,39,163,195,102,44,90
ניר משה,594,37,121,197,77,53,109
ניר עקיבא,723,64,203,235,101,48,72
שדה צבי,762,71,219,251,107,54,60
"תלמי ביל""ו",559,66,126,198,47,40,82
רווחה,603,64,136,197,65,58,83
אביטל,614,44,138,212,81,47,92
פרזון,441,44,92,147,38,57,63
מיטב,533,57,105,188,62,52,69
מאור,1656,176,431,562,232,131,124
שדי תרומות,598,69,105,215,78,61,70
"פעמי תש""ז",621,72,147,214,70,42,76
ברוש,565,48,160,188,84,29,56
תדהר,748,68,234,267,84,49,46
תאשור,447,37,91,169,38,54,58
דישון,423,46,54,166,29,55,73
זרועה,584,69,157,191,65,50,52
טירת כרמל,33089,3434,5918,11896,3523,2828,5490
דימונה,42797,4115,8093,15285,4829,3919,6556
קרית טבעון,20106,1319,3764,6019,2744,1934,4326
אור יהודה,40892,4021,7746,14396,4544,3799,6386
נשר,24941,1482,3569,8364,3169,2734,5623
באר יעקב,34498,4323,9384,12351,3710,1804,2926
גדרה,31325,2671,7905,10469,4579,2262,3439
ערד,34364,4433,6975,10797,3435,2757,5967
אילת,69673,4379,10748,26312,9983,7521,10730
בית שמש,182135,35906,58104,63049,10680,6271,8125
קרית אונו,46524,3348,10172,14008,7055,3779,8162
קרית גת,74754,9635,16122,26671,6441,5565,10320
ראש העין,77608,9292,17499,28477,7948,6469,7923
רמת השרון,52730,3268,10756,14063,8176,4854,11613
יבנה,59677,6604,14350,20884,6184,3889,7766
אום אל-פחם,61018,6433,14998,25294,6642,4319,3332
טירה,28961,2646,6076,12186,3219,2399,2435
טייבה,47966,4569,11355,19685,5335,3764,3258
זבארגה )שבט(,17,0,0,1,6,10,0
קרית שמונה,26306,1844,4216,10262,2929,2602,4453
ירושלים,1083498,134515,270414,383807,95616,71329,127817
חברון,599,76,195,227,33,31,37
כפר עציון,1085,130,373,331,123,30,98
נתיב הגדוד,236,24,49,82,26,9,46
אלמוג,335,31,97,116,48,30,13
קדומים,4852,531,1573,1635,430,190,493
תומר,393,52,87,140,20,22,72
אלקנה,4590,591,1116,1609,409,240,625
מגדל עוז,406,64,77,183,34,30,18
תקוע,4876,615,1795,1638,370,167,291
כוכב השחר,2856,472,1003,981,160,130,110
רימונים,743,74,183,270,89,59,68
יפית,272,30,73,95,31,10,33
סלעית,1598,133,589,447,241,76,112
ריחן,484,59,153,158,50,36,28
מבוא דותן,817,172,266,271,42,16,50
אריאל,21588,1523,3958,7645,2583,2230,3649
שבי שומרון,1173,192,378,396,73,28,106
כפר תפוח,1578,294,552,564,75,24,69
נוה צוף,1487,201,425,531,112,81,137
בית אל,6610,995,1855,2410,495,363,492
בית חורון,1476,151,476,491,157,82,119
מצפה יריחו,2846,431,934,1012,179,110,180
שדמות מחולה,795,95,256,294,54,44,52
אלון מורה,2025,401,672,677,89,56,130
ארגמן,172,16,34,56,15,13,38
מחולה,802,106,281,269,62,14,70
קליה,540,53,113,211,47,49,67
ראש צורים,1147,146,413,399,123,21,45
הר גילה,1695,124,484,570,235,98,184
אלון שבות,3396,334,793,1283,352,256,378
משואה,418,88,89,148,42,6,45
גלגל,230,26,42,90,17,32,23
"ייט""ב",316,50,89,107,26,16,28
מעלה אפרים,1838,227,449,613,149,161,239
חמרה,273,39,69,88,32,10,35
מצפה שלם,244,20,42,96,27,39,20
קרית ארבע,8322,1023,2145,3025,689,463,977
בקעות,230,16,64,63,45,8,34
גיתית,599,63,256,193,44,13,30
מכורה,221,19,59,69,30,7,37
פצאל,454,66,104,156,43,10,75
מעלה אדומים,40637,3474,8529,14706,4687,3774,5467
עופרה,3256,309,889,1238,350,227,243
אלעזר,2895,321,835,1035,367,173,164
רועי,177,13,31,57,26,9,41
נערן,139,29,29,64,9,4,4
כפר אדומים,5107,565,1632,1809,553,293,255
ורד יריחו,434,36,130,146,65,16,41
קרני שומרון,10947,1369,2934,3939,839,699,1167
שילה,5857,1106,2240,1936,273,118,184
חיננית,1942,257,684,663,176,97,65
גבעון החדשה,1253,123,171,484,120,154,201
בית הערבה,571,120,181,215,41,8,6
חמדת,368,53,134,136,36,9,0
יקיר,2934,419,1037,1019,242,88,129
מתתיהו,994,124,309,362,80,42,77
שקד,1178,124,352,409,134,62,97
אפרת,13586,1426,4088,4824,1074,861,1313
מעלה מכמש,2205,315,719,795,186,106,84
בית אריה,5922,441,1467,2077,887,526,524
מעלה עמוס,1350,367,403,498,35,26,21
ברקן,2284,188,522,777,374,180,243
"ניל""י",2242,178,658,766,320,178,142
כרמל,645,122,199,229,26,34,35
מעון,713,133,253,254,27,38,8
עטרת,764,113,297,258,44,33,19
פסגות,2362,433,758,839,151,73,108
עמנואל,5734,1224,1698,2009,305,207,291
מבוא חורון,2717,316,1086,869,284,56,106
ברכה,3265,592,1263,1103,159,71,77
ענב,1259,230,428,421,57,38,85
"נעמ""ה",327,62,68,140,10,15,32
עלמון,1528,131,385,567,192,134,119
חרמש,294,25,51,95,35,36,52
תלם,618,116,232,211,32,17,10
אשכולות,644,45,193,243,85,48,30
פני חבר,628,116,242,197,38,22,13
נגוהות,614,128,227,216,39,4,0
נווה דניאל,2748,278,798,1014,265,206,187
נוקדים,3405,609,1100,1211,240,108,137
עלי זהב,5554,1092,2225,1874,235,68,60
גבעת זאב,24508,3918,7136,8639,1608,1245,1962
טנא,1177,183,425,397,86,41,45
ברוכין,2730,608,1058,905,132,5,22
מצדות יהודה,733,128,239,258,29,41,38
קרית נטפים,975,151,347,347,78,24,28
דולב,1667,244,532,601,112,103,75
עתניאל,921,108,306,360,60,50,37
יצהר,2423,595,915,774,94,25,20
אלפי מנשה,8663,522,2053,2794,1477,738,1079
מגדלים,728,204,191,258,32,23,20
מעלה לבונה,943,196,257,353,51,42,44
אספר,1423,358,504,481,36,21,23
סוסיה,1677,293,553,622,72,80,57
אדורה,586,91,213,205,30,27,20
אורנית,10173,705,2609,3269,1553,901,1136
איתמר,1640,302,591,558,84,63,42
גבע בנימין,6309,738,1840,2346,659,372,354
חגי,860,166,288,313,42,34,17
עלי,4652,807,1427,1743,322,167,186
כרמי צור,1120,126,405,421,94,49,25
נחליאל,786,126,321,254,26,31,28
פדואל,2309,304,826,819,192,106,62
הר אדר,4483,243,1007,1379,765,485,604
חשמונאים,2958,249,544,1132,263,336,434
סנסנה,848,126,332,288,98,2,2
כוכב יעקב,3726,513,1005,1488,286,235,199
ביתר עילית,72600,14307,26842,24461,4268,1518,1204
קדר,1617,161,379,617,240,136,84
רותם,297,42,120,93,38,4,0
שמעה,1109,252,350,376,59,41,31
משכיות,372,82,171,108,10,1,0
אבנת,282,56,116,95,15,0,0
נעלה,2931,223,914,972,512,147,163
טלמון,6256,996,2459,2083,512,166,40
נופים,1423,238,449,492,94,67,83
צופים,2822,352,807,1039,285,181,158
אבני חפץ,2650,438,739,1045,222,145,61
בת עין,2014,337,638,723,138,89,89
רבבה,3324,497,1276,1155,278,94,24
כפר האורנים,2378,57,562,839,468,354,98
מודיעין עילית,89991,18176,36801,27800,4906,1177,1131
תל ציון,7184,1649,2517,2463,377,77,101
רחלים,1243,266,507,420,41,4,5
גני מודיעין,3609,429,1060,1399,293,207,221
עמיחי,351,61,159,104,27,0,0
מבואות יריחו,340,83,145,101,9,0,2
שער שומרון,9022,774,2520,3199,1076,642,811
עשהאל,13,5,3,5,0,0,0
גבעות הרואה,34,11,10,12,1,0,0
בית חגלה,232,92,62,77,1,0,0
שחרית,2,1,0,1,0,0,0
אביגיל,17,5,6,6,0,0,0
חיפה,339586,21089,51681,110747,42252,33405,80412
בוקעאתא,7048,530,1481,2926,999,527,585
אלי-עד,553,68,142,191,52,26,74
אל-רום,600,52,127,213,69,48,91
כפר חרוב,618,43,122,233,62,67,91
חספין,1723,215,595,576,140,90,107
קשת,943,130,352,302,58,30,71
יונתן,913,120,311,322,72,39,49
מעלה גמלא,684,84,180,229,65,39,87
שעל,429,52,116,148,32,24,57
אודם,251,41,61,96,11,10,32
אבני איתן,1021,162,347,371,52,33,56
אניעם,581,33,98,224,82,71,73
אורטל,396,29,99,145,52,48,23
נטור,683,72,251,244,80,26,10
בני יהודה,1338,79,297,432,174,136,220
אלוני הבשן,536,73,198,186,34,29,16
מיצר,311,53,97,116,25,16,4
גבעת יואב,792,64,204,233,135,32,124
גשור,392,35,92,143,47,41,34
קלע,459,43,125,144,77,32,38
קדמת צבי,764,104,182,292,62,45,79
חד-נס,968,54,185,349,145,122,113
כנף,548,50,119,221,75,76,7
רמת טראמפ,111,39,25,47,0,0,0
נמרוד,24,2,2,9,3,7,1
קצרין,9350,674,1882,3070,1145,888,1691
מרום גולן,830,49,167,284,122,91,117
מג'דל שמס,11854,756,2384,4768,1878,1006,1062
מסעדה,4331,333,1022,1672,632,319,353
מבוא חמה,661,67,148,210,75,39,122
אפיק,445,38,105,144,52,33,73
"נווה אטי""ב",235,17,52,79,28,11,48
נוב,1153,142,392,391,94,31,103
ע'ג'ר,2917,299,713,1309,312,153,131
עין קנייא,2553,218,565,1035,350,192,193
עין זיוון,567,49,161,197,73,34,53
נאות גולן,805,69,213,273,113,46,91
רמת מגשימים,869,94,278,290,67,56,84
רמות,711,54,182,195,121,33,126
תל אביב - יפו,586267,38553,75953,230368,73241,51288,116864
באקה אל-גרביה,32370,3214,7665,13550,3571,2292,2078
בני ברק,231680,42596,70715,75720,13658,9996,18995
בת ים,159882,8167,21146,48352,21636,17434,43147
גבעתיים,65356,4932,9958,24016,8420,5337,12693
הרצליה,123700,9061,20573,40058,15970,10933,27105
חדרה,113399,9404,21299,38159,13463,10420,20654
חולון,212531,13954,36926,66052,28093,20314,47192
טבריה,55512,6714,11095,18938,5580,4657,8528
קרית אתא,67213,5466,12097,22321,7819,6311,13199
כפר סבא,111484,7270,21244,33320,15535,9374,24741
לוד,95076,12521,21354,32868,9098,6636,12599
אשקלון,178288,15304,33644,61492,19956,15959,31933
נס ציונה,49493,3075,11555,15042,8004,4003,7814
נצרת,82485,6599,16368,32989,9889,7607,9033
נתניה,280508,20832,50518,89017,34132,25794,60215
סח'נין,35312,3291,8270,14747,4199,2588,2217
עכו,60337,4449,10924,21674,6968,5821,10501
עפולה,69183,7904,13222,23863,7034,5695,11465
פרדס חנה-כרכור,48912,3977,11367,15731,6800,4127,6910
פתח תקווה,281829,22340,56787,90677,37115,23535,51375
צפת,41947,5954,11005,14129,3230,2758,4871
קרית מוצקין,55986,3972,9194,18161,6862,4841,12956
ראשון לציון,284079,19496,46368,96227,36954,27398,57636
רחובות,164713,14703,35325,53658,20106,12305,28616
רמלה,87848,8875,18326,31499,9461,7229,12458
רמת גן,185175,13179,26088,68159,22909,17112,37728
רעננה,98427,7009,18267,30561,13165,9135,20290
שפרעם,44022,3552,8890,18331,5433,4063,3753
טמרה,37019,3471,8336,15494,4331,2880,2507
באר שבע,228925,18138,40570,79392,25640,21520,43665
נהריה,76832,5017,12963,24952,10435,7729,15736
בית שאן,21549,2194,4329,7898,2233,1975,2920
זכרון יעקב,26611,1860,5895,8316,3664,2838,4038
יהוד-מונוסון,33817,2499,6556,10764,4556,3118,6324
קרית ביאליק,50460,3781,8516,16557,6104,4429,11073
קרית ים,49457,2714,7045,15185,6203,5249,13061
הוד השרון,70264,5191,14959,21915,10317,6307,11575
בנימינה-גבעת עדה,16554,1097,4177,5272,2698,1476,1834